mean_test_score,mean_fit_time,std_test_score,clf,clf__boosting_type,clf__learning_rate,clf__max_bin,clf__max_depth,clf__min_child_samples,clf__n_estimators,clf__num_leaves,clf__criterion,clf__min_samples_leaf,clf__C,clf__degree,clf__gamma,clf__kernel,clf__n_neighbors
0.9896833553565312,0.22099947929382324,0.0019487163887786858,LGBM,gbdt,0.15029310545327607,154.0,9.0,16.0,263.0,10.0,,,,,,,
0.9896833553565312,0.6747191905975342,0.0005867328111443495,LGBM,gbdt,0.031863581856233524,229.0,5.0,10.0,589.0,94.0,,,,,,,
0.9894435472030538,0.3958888530731201,0.00191836711806205,LGBM,gbdt,0.1809906446744166,68.0,8.0,21.0,574.0,19.0,,,,,,,
0.9812857517107562,0.476297664642334,0.0024710702900254257,RandomForest,,,,8.0,,,,entropy,3.0,,,,,
0.981285463825818,0.20780715942382813,0.0029040875401367006,LGBM,gbdt,0.02062654555219992,140.0,2.0,15.0,492.0,8.0,,,,,,,
0.9750484366408433,0.531914758682251,0.005592393603971879,RandomForest,,,,7.0,,,,entropy,7.0,,,,,
0.9724099711827178,0.19700608253479004,0.006651725723389789,SVC,,,,,,,,,,14861.963916987175,3.0,0.019077452728284067,rbf,
0.9724091075279032,0.15271430015563964,0.005470890711508238,SVC,,,,,,,,,,7821.603071194418,4.0,0.01905322599368971,rbf,
0.9719286275661343,0.22861618995666505,0.0055028888070361584,SVC,,,,,,,,,,33266.74403050341,2.0,0.00602550788846674,rbf,
0.969769778414963,0.03919978141784668,0.00382556738191316,DecisionTree,,,,12.0,,,,gini,7.0,,,,,
0.9695328491108673,0.016801977157592775,0.007329956131010738,KNeighbors,,,,,,,,,,,,,,2.0
0.9685721770722677,0.01940317153930664,0.003955450902741244,KNeighbors,,,,,,,,,,,,,,3.0
0.9685684345680718,3.1859289169311524,0.005855313080451383,LGBM,dart,0.0005611487603388816,211.0,11.0,20.0,354.0,39.0,,,,,,,
0.9683306416091616,0.18115220069885254,0.003601186004228657,LGBM,goss,0.010997042916749357,253.0,6.0,29.0,114.0,47.0,,,,,,,
0.9680896819159319,0.038208532333374026,0.00406084450694289,DecisionTree,,,,7.0,,,,entropy,5.0,,,,,
0.9676103534939156,0.03966054916381836,0.0015167994350573876,DecisionTree,,,,11.0,,,,entropy,17.0,,,,,
0.9668912169184221,0.0403994083404541,0.0038321331398918773,DecisionTree,,,,12.0,,,,gini,14.0,,,,,
0.9652122719591434,0.02000589370727539,0.0045456796903437366,KNeighbors,,,,,,,,,,,,,,5.0
0.9649727516906044,0.016803169250488283,0.005102758409123648,KNeighbors,,,,,,,,,,,,,,4.0
0.9649727516906044,0.015400552749633789,0.005102758409123648,KNeighbors,,,,,,,,,,,,,,4.0
0.9632912157668823,0.43809032440185547,0.004837849690497805,RandomForest,,,,11.0,,,,entropy,30.0,,,,,
0.9628107358051136,0.0537992000579834,0.0027511971397616354,DecisionTree,,,,15.0,,,,entropy,30.0,,,,,
0.9604129421552793,0.03219723701477051,0.002730287002635125,DecisionTree,,,,6.0,,,,gini,17.0,,,,,
0.9599321743085725,0.3975851058959961,0.006553950527660777,RandomForest,,,,5.0,,,,entropy,24.0,,,,,
0.9592136135029552,0.07840194702148437,0.0033849591825116107,LogisticRegression,,,,,,,,,,,,,,
0.9592136135029552,0.07500123977661133,0.0033849591825116107,LogisticRegression,,,,,,,,,,,,,,
0.9589732295796016,0.030799293518066408,0.0038214828921281536,DecisionTree,,,,6.0,,,,gini,29.0,,,,,
0.9580119817711257,0.027799463272094725,0.004237682619935526,DecisionTree,,,,4.0,,,,gini,4.0,,,,,
0.9572951482751373,0.0167999267578125,0.003747194114004951,KNeighbors,,,,,,,,,,,,,,17.0
0.956815531968183,0.6936347007751464,0.0051891351856919185,LGBM,dart,0.004185871911046373,43.0,5.0,24.0,348.0,75.0,,,,,,,
0.9558548599295833,0.015800666809082032,0.0025487095315761274,KNeighbors,,,,,,,,,,,,,,18.0
0.9544134200442767,0.8128772258758545,0.0074763191883964715,SVC,,,,,,,,,,5220.101821971035,2.0,3.223890643007658,poly,
0.952495242701397,0.19858961105346679,0.0022247787507359627,SVC,,,,,,,,,,17471.250288695224,3.0,1.885890364132889e-06,rbf,
0.9503358177803495,0.2068416118621826,0.001629435718141989,SVC,,,,,,,,,,2139.7264784682375,6.0,1.2708888840421396e-05,sigmoid,
0.9448202302503734,0.020403575897216798,0.005338288421546206,KNeighbors,,,,,,,,,,,,,,28.0
0.9438604218665884,0.3322018623352051,0.008777377817912673,RandomForest,,,,3.0,,,,entropy,29.0,,,,,
0.9438561035925161,0.32748961448669434,0.00896602624334209,RandomForest,,,,3.0,,,,entropy,15.0,,,,,
0.9431404216362804,0.01660294532775879,0.004984302642044348,KNeighbors,,,,,,,,,,,,,,36.0
0.9431404216362804,0.02279796600341797,0.004984302642044348,KNeighbors,,,,,,,,,,,,,,36.0
0.9392997486764489,0.023670244216918945,0.004647068365976689,DecisionTree,,,,3.0,,,,gini,9.0,,,,,
0.9388201323694945,0.029194450378417967,0.005024752567662869,DecisionTree,,,,3.0,,,,entropy,19.0,,,,,
0.9349811867192921,0.26001505851745604,0.00849155326872229,RandomForest,,,,2.0,,,,gini,15.0,,,,,
0.9330630093764125,0.2847299575805664,0.0054226670260749755,RandomForest,,,,2.0,,,,entropy,25.0,,,,,
0.931386367496639,0.26445517539978025,0.008461266254086304,RandomForest,,,,2.0,,,,gini,19.0,,,,,
0.9311439683787185,0.28319635391235354,0.00456161041899329,RandomForest,,,,2.0,,,,entropy,25.0,,,,,
0.8378119593161004,0.9326732158660889,0.00987116950050939,SVC,,,,,,,,,,0.06564974376761776,6.0,0.0007575602899280789,rbf,
0.5280710845489275,0.6914853096008301,0.0015845003928237104,SVC,,,,,,,,,,5193.237756488578,7.0,0.000344913872671206,poly,
0.5268714680116651,0.9625422954559326,0.00045236737258777326,SVC,,,,,,,,,,0.0005792738782845754,7.0,5.529498834557296e-05,rbf,
0.5268714680116651,0.4407984256744385,0.00045236737258777326,LGBM,gbdt,1.0435383210066258e-05,117.0,7.0,22.0,334.0,77.0,,,,,,,
0.5268714680116651,0.17911152839660643,0.00045236737258777326,LGBM,goss,0.00019738061964814102,40.0,8.0,15.0,83.0,47.0,,,,,,,
0.5268714680116651,0.9929774761199951,0.00045236737258777326,LGBM,gbdt,3.401934923584485e-05,106.0,15.0,20.0,448.0,56.0,,,,,,,
0.5268714680116651,0.7158366203308105,0.00045236737258777326,SVC,,,,,,,,,,26.548040117047137,4.0,1.411846555794398e-05,poly,
